{
    "auc_score": 0.7138888888888888,
    "f1_score": 0.4,
    "precision": 1.0,
    "recall": 0.25,
    "accuracy": 0.41304347826086957,
    "confusion_matrix": [
        [
            10,
            0
        ],
        [
            27,
            9
        ]
    ],
    "threshold": 0.5,
    "y_scores": [
        0.0,
        0.017609729380793172,
        0.024784508351724608,
        0.3190496840677785,
        0.02488846077145464,
        0.03807968168500705,
        0.4951393983134026,
        0.4398244452260391,
        0.3578520729351715,
        0.09470653905094466,
        0.5426636919562322,
        0.22959877713003712,
        0.5258650010822794,
        0.432735738021209,
        0.5712243071341817,
        0.17911641011217258,
        0.1234181165007124,
        0.14026678744836094,
        0.21309318940474228,
        0.5531587393743286,
        0.45681832133812916,
        0.22575398098495741,
        0.21842723114027535,
        0.17594339880806556,
        1.0,
        0.3390061483852552,
        0.14675749882592742,
        0.10191280232984067,
        0.03653100453953083,
        0.28980193451504843,
        0.4241698429091456,
        0.05278766671378564,
        0.046255042116620036,
        0.1248742081962073,
        0.1258098706174672,
        0.6008240641239324,
        0.5231751325565693,
        0.29444047480624735,
        0.20825091370177504,
        0.1377266379290036,
        0.22281794771587204,
        0.8241495639197842,
        0.17031040489442806,
        0.1207012722232893,
        0.3543599590660326,
        0.8585389046710178
    ],
    "y_true": [
        0,
        0,
        0,
        0,
        0,
        0,
        0,
        0,
        0,
        0,
        1,
        1,
        1,
        1,
        1,
        1,
        1,
        1,
        1,
        1,
        1,
        1,
        1,
        1,
        1,
        1,
        1,
        1,
        1,
        1,
        1,
        1,
        1,
        1,
        1,
        1,
        1,
        1,
        1,
        1,
        1,
        1,
        1,
        1,
        1,
        1
    ]
}