{
    "auc_score": 0.8722222222222222,
    "f1_score": 0.4,
    "precision": 1.0,
    "recall": 0.25,
    "accuracy": 0.41304347826086957,
    "confusion_matrix": [
        [
            10,
            0
        ],
        [
            27,
            9
        ]
    ],
    "threshold": 0.5,
    "y_scores": [
        0.0865874288980711,
        0.04713007050995798,
        0.13661001297583167,
        0.1958750334168519,
        0.0,
        0.07273621722411619,
        0.16225076475593656,
        0.1708421132117549,
        0.12619570382378503,
        0.15491951064591744,
        0.22485998031997084,
        0.06379753643972187,
        0.22000971718796244,
        0.6606264093687448,
        0.47297360370428004,
        0.38288828619585763,
        0.5573757867712736,
        0.5176664735974561,
        0.4986776912995281,
        0.3968510030823074,
        0.3724373426684415,
        0.4142178331226234,
        0.40223358611764376,
        0.5190451223358505,
        1.0,
        0.20957628980503784,
        0.1329195535818326,
        0.27294158333770346,
        0.0764562618133845,
        0.041079844674520666,
        0.1334553980752107,
        0.12285663537720751,
        0.15734058359307604,
        0.158423273573019,
        0.20378763127362343,
        0.5219453259183079,
        0.42478263158923446,
        0.474066440231337,
        0.42945367465748197,
        0.4567423324946589,
        0.3518223358825376,
        0.5559785538307969,
        0.4485964708600245,
        0.5167396132200324,
        0.505028575346817,
        0.44954704211596735
    ],
    "y_true": [
        0,
        0,
        0,
        0,
        0,
        0,
        0,
        0,
        0,
        0,
        1,
        1,
        1,
        1,
        1,
        1,
        1,
        1,
        1,
        1,
        1,
        1,
        1,
        1,
        1,
        1,
        1,
        1,
        1,
        1,
        1,
        1,
        1,
        1,
        1,
        1,
        1,
        1,
        1,
        1,
        1,
        1,
        1,
        1,
        1,
        1
    ]
}