Senaryo,Ortalama F1,En İyi F1,En İyi Model,avg_f1,best_f1
S0: Baseline,0.788,0.817,Logistic Regression,0.7884722659855576,0.8168054538054538
S1: + PCA,0.791,0.820,Logistic Regression,0.790969439737618,0.8202307692307691
S2: + FE,0.785,0.815,Logistic Regression,0.7854275823520475,0.8151302401302403
S3: + SMOTE,0.826,0.837,Logistic Regression,0.8255642466753712,0.8370204416077283
S4: + Optuna,0.813,0.824,Random Forest,0.8127139743111758,0.824029711029711
S5: All Combined,0.838,0.843,Logistic Regression (Best),0.8382973472869109,0.8429345638548675
