Senaryo,F1-Score,Accuracy,Recall,AUC,F1_mean
1. Baseline,0.824±0.083,0.830±0.076,0.805±0.096,0.911±0.060,0.8238830751736431
2. Feature Eng.,0.822±0.087,0.827±0.082,0.810±0.100,0.909±0.060,0.8224798640256992
3. PCA,0.814±0.072,0.815±0.071,0.811±0.076,0.905±0.048,0.8143658456910927
4. Optuna,0.843±0.096,0.845±0.091,0.836±0.099,0.912±0.060,0.8431870891073927
5. All Combined,0.828±0.065,0.827±0.065,0.830±0.066,0.910±0.044,0.827907137928485
