{
    "auc_score": 0.4388888888888889,
    "f1_score": 0.2222222222222222,
    "precision": 0.5555555555555556,
    "recall": 0.1388888888888889,
    "accuracy": 0.2391304347826087,
    "confusion_matrix": [
        [
            6,
            4
        ],
        [
            31,
            5
        ]
    ],
    "threshold": 0.5,
    "y_scores": [
        0.0325113679852347,
        0.05156838925808542,
        0.08574736581998813,
        0.5606121478528105,
        0.2541497792863483,
        0.6338583189583602,
        1.0,
        0.1626802856132671,
        0.7130344829998766,
        0.28556574945116214,
        0.6898074691025645,
        0.20398951033599003,
        0.11705629160681667,
        0.2511992625129857,
        0.7236847780782257,
        0.10910837651586551,
        0.1782503768485924,
        0.16994537966224157,
        0.0,
        0.5268389944024794,
        0.24795334996894677,
        0.18339712044981812,
        0.3304912032695405,
        0.10955659759966205,
        0.18303820270140023,
        0.3538516301459512,
        0.841429112912043,
        0.10246927611433286,
        0.2866265507165305,
        0.34894565109146,
        0.12092072791309927,
        0.302992747766847,
        0.10545800459216062,
        0.15450214280395747,
        0.3821873810521877,
        0.7439652244069436,
        0.4860798984440293,
        0.05567827406003331,
        0.324223885261087,
        0.021124718221147528,
        0.08709057461035188,
        0.20647584808351477,
        0.028561192457462,
        0.10999330899347588,
        0.13584148723178013,
        0.2818091596819214
    ],
    "y_true": [
        0,
        0,
        0,
        0,
        0,
        0,
        0,
        0,
        0,
        0,
        1,
        1,
        1,
        1,
        1,
        1,
        1,
        1,
        1,
        1,
        1,
        1,
        1,
        1,
        1,
        1,
        1,
        1,
        1,
        1,
        1,
        1,
        1,
        1,
        1,
        1,
        1,
        1,
        1,
        1,
        1,
        1,
        1,
        1,
        1,
        1
    ]
}