Senaryo,F1-Score,Accuracy,Recall,AUC,F1_mean
1. Baseline,0.824±0.083,0.830±0.076,0.805±0.096,0.911±0.060,0.8238830751736431
2. Feature Eng.,0.822±0.087,0.827±0.082,0.810±0.100,0.909±0.060,0.8224798640256992
3. PCA,0.814±0.072,0.815±0.071,0.811±0.076,0.905±0.048,0.8143658456910927
4. Optuna,0.843±0.090,0.848±0.082,0.829±0.106,0.912±0.058,0.8430115995061523
5. All Combined,0.824±0.050,0.824±0.050,0.824±0.051,0.904±0.045,0.8240192998020323
