{
    "auc_score": 0.7527777777777778,
    "f1_score": 0.8059701492537313,
    "precision": 0.8709677419354839,
    "recall": 0.75,
    "accuracy": 0.717391304347826,
    "confusion_matrix": [
        [
            6,
            4
        ],
        [
            9,
            27
        ]
    ],
    "threshold": 0.5,
    "y_scores": [
        0.05095857381820679,
        0.10942231863737106,
        0.10474216192960739,
        0.611440122127533,
        0.114509716629982,
        0.0,
        0.754315972328186,
        0.46558141708374023,
        0.5199125409126282,
        0.5342522859573364,
        0.546559751033783,
        0.4217345714569092,
        0.17511732876300812,
        0.4166232645511627,
        0.5938971042633057,
        0.651439905166626,
        0.7019741535186768,
        0.6102859377861023,
        0.42634162306785583,
        0.6272789835929871,
        0.5354083180427551,
        0.489593505859375,
        0.5693041086196899,
        0.590057909488678,
        0.5101848840713501,
        0.662946879863739,
        0.5976265668869019,
        0.5672729015350342,
        0.5387097001075745,
        0.6842836737632751,
        0.793154776096344,
        0.4011600613594055,
        0.42425787448883057,
        0.5049532055854797,
        0.6130154132843018,
        1.0,
        0.6472835540771484,
        0.500890851020813,
        0.7380920648574829,
        0.6135857105255127,
        0.26945045590400696,
        0.6151584386825562,
        0.5172106027603149,
        0.6221078634262085,
        0.672118067741394,
        0.48766425251960754
    ],
    "y_true": [
        0,
        0,
        0,
        0,
        0,
        0,
        0,
        0,
        0,
        0,
        1,
        1,
        1,
        1,
        1,
        1,
        1,
        1,
        1,
        1,
        1,
        1,
        1,
        1,
        1,
        1,
        1,
        1,
        1,
        1,
        1,
        1,
        1,
        1,
        1,
        1,
        1,
        1,
        1,
        1,
        1,
        1,
        1,
        1,
        1,
        1
    ]
}