{
    "auc_score": 0.5861111111111111,
    "f1_score": 0.15,
    "precision": 0.75,
    "recall": 0.08333333333333333,
    "accuracy": 0.2608695652173913,
    "confusion_matrix": [
        [
            9,
            1
        ],
        [
            33,
            3
        ]
    ],
    "threshold": 0.5,
    "y_scores": [
        0.1902083354630918,
        0.0,
        0.06569702181160222,
        0.3317968808257166,
        0.04713405159192282,
        0.5875738362791731,
        0.3263593644359459,
        0.16366184007845888,
        0.04672120935840908,
        0.19798675287170828,
        0.4278510774180649,
        0.15221785095419113,
        0.05807265969801124,
        1.0,
        0.4549223206287701,
        0.303669861430004,
        0.12216488690979463,
        0.17810307746716375,
        0.07502686460919078,
        0.4189734740941826,
        0.25576446430657257,
        0.26681125216720786,
        0.4579400982216752,
        0.27559222539358175,
        0.051111381111788944,
        0.08726567041128772,
        0.5652826861935649,
        0.23679192710334895,
        0.13360917301724295,
        0.022377644266362007,
        0.16876330676135773,
        0.0587573845681522,
        0.054509338025952876,
        0.11971720001336845,
        0.34980047150658466,
        0.637667733075662,
        0.2826108771529858,
        0.10050576071201475,
        0.26811290035181595,
        0.09864537970574584,
        0.031346769942682186,
        0.2505167340412461,
        0.28041386177654537,
        0.1547009242200653,
        0.2953106686322024,
        0.2383402441182924
    ],
    "y_true": [
        0,
        0,
        0,
        0,
        0,
        0,
        0,
        0,
        0,
        0,
        1,
        1,
        1,
        1,
        1,
        1,
        1,
        1,
        1,
        1,
        1,
        1,
        1,
        1,
        1,
        1,
        1,
        1,
        1,
        1,
        1,
        1,
        1,
        1,
        1,
        1,
        1,
        1,
        1,
        1,
        1,
        1,
        1,
        1,
        1,
        1
    ]
}