{
    "auc_score": 0.5777777777777777,
    "f1_score": 0.1951219512195122,
    "precision": 0.8,
    "recall": 0.1111111111111111,
    "accuracy": 0.2826086956521739,
    "confusion_matrix": [
        [
            9,
            1
        ],
        [
            32,
            4
        ]
    ],
    "threshold": 0.5,
    "y_scores": [
        0.210418116883059,
        0.018292780752237826,
        0.1415027197963562,
        0.21391044592538586,
        0.0448053360238654,
        0.11782025902907325,
        0.5080845200225677,
        0.23275850543558188,
        0.13720621698297353,
        0.22814002115941848,
        0.287335811736436,
        0.0,
        0.01885875508819841,
        1.0,
        0.4232440757639094,
        0.13971433002453743,
        0.19732472398724019,
        0.09583416149788004,
        0.21489956406606658,
        0.581814264157603,
        0.5207077531353641,
        0.12495688345117781,
        0.20693158127881678,
        0.16331011204509255,
        0.234747214470404,
        0.1497008803351994,
        0.48116063064693093,
        0.13260355324927203,
        0.19547282922103215,
        0.08496232928297737,
        0.2483346093752089,
        0.2151696274106273,
        0.15134532545306914,
        0.11048643488754936,
        0.19269598978215782,
        0.3614503738550161,
        0.262633037392632,
        0.10926847594252553,
        0.11555858993064809,
        0.09034643868447956,
        0.24613934199021534,
        0.2854946125482304,
        0.13875796709148908,
        0.08747712706079278,
        0.49261492621388125,
        0.8502743861406701
    ],
    "y_true": [
        0,
        0,
        0,
        0,
        0,
        0,
        0,
        0,
        0,
        0,
        1,
        1,
        1,
        1,
        1,
        1,
        1,
        1,
        1,
        1,
        1,
        1,
        1,
        1,
        1,
        1,
        1,
        1,
        1,
        1,
        1,
        1,
        1,
        1,
        1,
        1,
        1,
        1,
        1,
        1,
        1,
        1,
        1,
        1,
        1,
        1
    ]
}